-- phpMyAdmin SQL Dump
-- version 4.9.0.1
-- https://www.phpmyadmin.net/
--
-- Host: sql113.epizy.com
-- Generation Time: Aug 12, 2023 at 08:56 PM
-- Server version: 10.4.17-MariaDB
-- PHP Version: 7.2.22

SET SQL_MODE = "NO_AUTO_VALUE_ON_ZERO";
SET AUTOCOMMIT = 0;
START TRANSACTION;
SET time_zone = "+00:00";

/*!40101 SET @OLD_CHARACTER_SET_CLIENT=@@CHARACTER_SET_CLIENT */;
/*!40101 SET @OLD_CHARACTER_SET_RESULTS=@@CHARACTER_SET_RESULTS */;
/*!40101 SET @OLD_COLLATION_CONNECTION=@@COLLATION_CONNECTION */;
/*!40101 SET NAMES utf8mb4 */;

--
-- Database: `epiz_28538005_listagemDeRamais`
--

-- --------------------------------------------------------

--
-- Table structure for table `funcionarios`
--

CREATE TABLE `funcionarios` (
  `idFunc` int(11) NOT NULL,
  `nome` varchar(40) NOT NULL,
  `telefone` varchar(20) DEFAULT NULL,
  `fk_IdSetor` int(11) NOT NULL
) ENGINE=MyISAM DEFAULT CHARSET=utf8;

--
-- Dumping data for table `funcionarios`
--

INSERT INTO `funcionarios` (`idFunc`, `nome`, `telefone`, `fk_IdSetor`) VALUES
(50, 'NICHOLAS DIAS', '00000000000', 298),
(34, 'PATRICIA', '00000000000', 282),
(52, 'WELLINGTON RODRIGUES', '00000000000', 298),
(51, 'ENEAS LYRA', '00000000000', 292),
(53, 'HIGOR DELGADO', '00000000000', 292),
(49, 'RONIÉRIO SANTANA', '00000000000', 298),
(54, 'SORAIA MONTEIRO', '00000000000', 286),
(55, 'ANA PAULA', '00000000000', 289),
(56, 'TATIANA SILVA', '00000000000', 327),
(57, 'LIDIANE COSTA', '00000000000', 292),
(86, 'SILVIA', '00000000000', 288),
(61, 'CAROLINE FERREIRA', '00000000000', 331),
(62, 'ERNESTO PESSOA', '00000000000', 290),
(63, 'ISABELLA GOUVEA', '00000000000', 291),
(64, 'JESSYCA MARQUES', '00000000000', 331),
(65, 'JOÃO LEÃO', '00000000000', 317),
(66, 'PATRICIA FALCAO', '00000000000', 285),
(67, 'YURI CAVALCANTI', '00000000000', 326),
(68, 'ALZIENY NASCIMENTO', '00000000000', 285),
(69, 'ARTURO SANTIAGO', '00000000000', 600),
(70, 'ASLAN EZEQUIEL', '00000000000', 293),
(71, 'AUREA LIMA', '00000000000', 325),
(72, 'ESTACIO RANGEL', '00000000000', 613),
(74, 'FERNANDA QUEIROGA', '00000000000', 325),
(75, 'FLAVIA HELENA', '00000000000', 325),
(76, 'HAILTON EMILIANO', '00000000000', 613),
(77, 'IANNE PORFIRIO', '00000000000', 332),
(78, 'JACKSON SANTOS', '00000000000', 290),
(79, 'LARISSA MARTINS', '00000000000', 318),
(80, 'LITUANIA FRANCINETE', '00000000000', 290),
(81, 'CONCEICAO LACERDA', '00000000000', 290),
(83, 'RAQUEL FERREIRA', '00000000000', 289),
(84, 'EMELY FERREIRA', '00000000000', 329),
(88, 'LUCIVALDO GOMES', '00000000000', 293),
(89, 'ROSIENE PAULINO', '00000000000', 327),
(90, 'WERTON JOSE', '00000000000', 317),
(91, 'MYCHELLE DESIREE', '00000000000', 325),
(93, 'ANDERSON GOMES', '00000000000', 291),
(94, 'CARLOS EDUARDO', '00000000000', 318),
(95, 'ADENILTON  NASCIMENTO', '00000000000', 328),
(98, 'CAMILA PIRES', '00000000000', 297),
(99, 'RAELMA DANTAS', '00000000000', 293),
(100, 'AMANDA CAROLINE', '00000000000', 297),
(101, 'RENATO ALVES', '00000000000', 318),
(102, 'HIGOR DELGADO', '00000000000', 299),
(110, 'SORAIA MONTEIRO', '00000000000', 630),
(104, 'EXPEDITO SILVA', '00000000000', 318),
(105, 'MANUEL LIMA', '00000000000', 318),
(106, 'PAULO BRITO', '00000000000', 318);

-- --------------------------------------------------------

--
-- Table structure for table `setores`
--

CREATE TABLE `setores` (
  `idSetor` int(11) NOT NULL,
  `setor` varchar(35) NOT NULL,
  `ramal` int(11) NOT NULL,
  `responsavel` varchar(25) DEFAULT NULL
) ENGINE=MyISAM DEFAULT CHARSET=utf8;

--
-- Dumping data for table `setores`
--

INSERT INTO `setores` (`idSetor`, `setor`, `ramal`, `responsavel`) VALUES
(285, 'CONTABILIDADE 1', 4626, 'PATRÍCIA FALCÃO'),
(288, 'COPA', 219, 'SILVIA'),
(289, 'CHEFE COMPREV', 4625, 'ANA PAULA'),
(290, 'CHEFE CONTROLE INTERNO', 4628, 'ERNESTO PESSOA'),
(291, 'CHEFE COMPRAS', 4624, 'ISABELLA GOUVEA'),
(292, 'CHEFE DESENVOLVIMENTO', 4629, 'ENEAS LYRA'),
(293, 'CHEFE ARQUIVO/DIGITALIZAÇÃO', 4611, 'JOSEANE FARIAS'),
(602, 'SUPORTE 2', 4617, 'NICHOLAS DIAS'),
(603, 'ATENDIMENTO 1 - CONSIGNADO', 4642, 'NÃO INFORMADO'),
(627, 'ACESSORIA DE GABINETE', 4612, 'NÃO INFORMADO'),
(297, 'CHEFE RH', 4634, 'CAMILA PIRES'),
(298, 'SUPORTE 1', 4610, 'WELLINGTON RODRIGUES'),
(299, 'CHEFE DIV-TIN', 4635, 'HIGOR DELGADO'),
(317, 'CHEFE INVESTIMENTO', 4636, 'JOÃO LEÃO'),
(318, 'CHEFE JURÍDICO', 4638, 'CARLOS EDUARDO'),
(322, 'CHEFE MANUTENÇÃO', 4640, 'MARCOS FREIRE'),
(324, 'PREFEITURA', 32189000, 'NÃO INFORMADO'),
(325, 'CHEFE PREVIDÊNCIA', 4644, 'MILENA MEDEIROS'),
(326, 'PREVIDÊNCIA 1', 4643, 'NÃO INFORMADO'),
(327, 'PROTOCOLO 1', 4646, 'MARTA MARIA'),
(329, 'RECEPÇÃO 1', 4606, 'EMELY FERREIRA'),
(332, 'SUPERINTENDÊNCIA ADJUNTA', 4603, 'NÃO INFORMADO'),
(333, 'CHEFE TRANSPORTE', 4641, 'LEANDRO FÁBIO'),
(601, 'ATENDIMENTO 3', 4619, 'NÃO INFORMADO'),
(604, 'ATENDIMENTO 4', 4621, 'NÃO INFORMADO'),
(600, 'CHEFE ATENDIMENTO', 4618, 'GUILHERME'),
(605, 'OUVIDORIA', 4620, 'NÃO INFORMADO'),
(606, 'ATENDIMENTO 6', 4616, 'NÃO INFORMADO'),
(630, 'CHEFE DA CONTABILIDADE', 4627, 'SORAIA MONTEIRO'),
(608, 'SECRETARIA ADM. FINANC.', 4608, 'MOISÉS PESSOA'),
(609, 'CHEFE DIV-ADF', 4609, 'SUZANA SITONIO'),
(611, 'ASSISTENTE SOCIAL 1', 4614, 'MARIA DIONE'),
(612, 'ASSISTENTE SOCIAL 2', 4615, 'SANDRA MARIA'),
(613, 'CÁLCULO 1', 4622, 'HAILTON LIMA'),
(615, 'COMPRAS 1', 4623, 'ANTÔNIO ROMUALDO'),
(618, 'CHEFE FOLHA', 4632, 'KARLA JANAÍNA'),
(619, 'FOLHA 1', 4631, 'DANIELA ARAÚJO'),
(620, 'FOLHA 2', 4633, 'LUZIANE ALVES'),
(621, 'JURÍDICO 1', 4639, 'TÁSSIA TAMIRES'),
(622, 'COMPREV 1', 4637, 'NÃO INFORMADO'),
(623, 'CHEFE DIV-PRE', 4645, 'YURI VEIGA'),
(624, 'PROTOCOLO 2', 4647, 'ROSIENE PAULINO'),
(625, 'CHEFE SUPORTE', 4607, 'RONIÉRIO SANTANA'),
(626, 'DESENVOLVIMENTO 1', 4630, 'LIDIANE COSTA'),
(628, 'SECRETARIA DE GABINETE 1', 4604, 'IANE CAROLINE'),
(629, 'SECRETARIA DE GABINETE 2', 4605, 'JÉSSYCA PATRÍCIA');

-- --------------------------------------------------------

--
-- Table structure for table `usuarios`
--

CREATE TABLE `usuarios` (
  `id` int(11) NOT NULL,
  `usuario` varchar(25) NOT NULL,
  `hashSenha` varchar(70) NOT NULL,
  `nivel` varchar(25) NOT NULL,
  `email` varchar(40) DEFAULT NULL,
  `primeiroacesso` enum('sim','nao') NOT NULL
) ENGINE=MyISAM DEFAULT CHARSET=utf8;

--
-- Dumping data for table `usuarios`
--

INSERT INTO `usuarios` (`id`, `usuario`, `hashSenha`, `nivel`, `email`, `primeiroacesso`) VALUES
(154, 'admin', '$2y$08$zY88pOWFgNIFSkRworp6juNqyK2tGIz0VRgH9DvzaDZVhLDrIBPg6', 'admin', 'não informado', 'nao'),
(176, 'suporte', '$2y$08$eGqI5Db4X4R.BR/eOR04Ce.497IDHi2bb70m9sA3cJExIuLDHhk2K', 'atendente', 'não informado', 'nao');

--
-- Indexes for dumped tables
--

--
-- Indexes for table `funcionarios`
--
ALTER TABLE `funcionarios`
  ADD PRIMARY KEY (`idFunc`),
  ADD KEY `fk_IdSetor` (`fk_IdSetor`);

--
-- Indexes for table `setores`
--
ALTER TABLE `setores`
  ADD PRIMARY KEY (`idSetor`);

--
-- Indexes for table `usuarios`
--
ALTER TABLE `usuarios`
  ADD PRIMARY KEY (`id`),
  ADD UNIQUE KEY `usuario` (`usuario`);

--
-- AUTO_INCREMENT for dumped tables
--

--
-- AUTO_INCREMENT for table `funcionarios`
--
ALTER TABLE `funcionarios`
  MODIFY `idFunc` int(11) NOT NULL AUTO_INCREMENT, AUTO_INCREMENT=111;

--
-- AUTO_INCREMENT for table `setores`
--
ALTER TABLE `setores`
  MODIFY `idSetor` int(11) NOT NULL AUTO_INCREMENT, AUTO_INCREMENT=778;

--
-- AUTO_INCREMENT for table `usuarios`
--
ALTER TABLE `usuarios`
  MODIFY `id` int(11) NOT NULL AUTO_INCREMENT, AUTO_INCREMENT=179;
COMMIT;

/*!40101 SET CHARACTER_SET_CLIENT=@OLD_CHARACTER_SET_CLIENT */;
/*!40101 SET CHARACTER_SET_RESULTS=@OLD_CHARACTER_SET_RESULTS */;
/*!40101 SET COLLATION_CONNECTION=@OLD_COLLATION_CONNECTION */;
